المصطلح العربي;المقابل الإنجليزي;التعريف;الجذر ;أقسام الكلام;المثال;المصدر التعريف;صفحة التعريف;المصدر المثال;صفحة المثال;المجال;;;;;;;;;;;;;;;
الْأَبْجَدِيَّةُ الصَّوْتِيَّةُ الدَّوْلِيَّةُ;International Phonetic Alphabet (IPA);التَّمْثِيلُ الصَّوْتِيُّ الْمِعْيَارِيُّ لِتَدْوِينِ لُغَاتِ الْعَالَمِ ;أبجد ;اسم ;«يُقَدِّمُ الْأَلْفَبَائِيَّةُ الصَّوْتِيَّةُ الدَّوْلِيَّةُ (IPA) الرَّمْزَ /k/ الَّذِي يَدُلُّ دَلَالَةً لَا لَبْسَ فِيهَا عَلَى الْفُونِيمِ الَّذِي يُكْتَبُ بِصُوَرٍ مُتَعَدِّدَةٍ، مِنْهَا الْحَرْفُ C كَمَا فِي car.»;Jurafsky, D., & Martin, J. H. Speech and Language Processing;310;International Phonetic Association. (1999). Handbook of the International Phonetic Alphabet. Cambridge University Press.;27;علم الأصوات;;;;;;;;;;;;;;;
فونيم;Phoneme;أَصْغَرُ وَحْدَةٍ صَوْتِيَّةٍ تُغَيِّرُ الْمَعْنَى فِي كَلِمَاتِ اللُّغَةِ;فون;اسم ;"الصوتان س/و ص فونيمان مختلفان في العربية كما في كلمتي ""سد"" بمعنى حاجز الماء، و""صد"" بمعنى أعرض.";الفيفي، عبدلله (محرّر). (1445 هـ). مدخل إلى اللسانيات الحاسوبية. مجمع الملك سلمان العالمي للغة العربية.;13;الفيفي، عبدلله (محرّر). (1445 هـ). مدخل إلى اللسانيات الحاسوبية. مجمع الملك سلمان العالمي للغة العربية.;13;علم الأصوات;;;;;;;;;;;;;;;
جهاز المِطياف;spectrograph;"«جِهَازٌ يُسْتَخْدَمُ فِي الصَّوْتِيَّاتِ الْأَكُوسْتِيكِيَّةِ، يُقَدِّمُ تَمْثِيلًا بَصَرِيًّا لِلسِّمَاتِ الصَّوْتِيَّةِ (الْأَكُوسْتِيكِيَّةِ) الَّتِي تُكَوِّنُ أَصْوَاتَ مَنْطُوقٍ مَا.»
";جهز;اسم ;"«أَنْتَجَ الْمِطْيَافُ الصَّوْتِيُّ الْأَصْلِيُّ سِجِلًّا بَصَرِيًّا ثُلَاثِيَّ الْأَبْعَادِ، أَوْ مَا يُعْرَفُ بِالْمُرَسَّمِ الطَّيْفِيِّ (spectrogram)، لِمَنْطُوقٍ مَا، حَيْثُ يُعْرَضُ الزَّمَنُ أُفُقِيًّا، وَالتَّرَدُّدُ عَمُودِيًّا، وَالشِّدَّةُ بِدَرَجَةِ سَوَادِ الْعَلَامَاتِ النِّسْبِيَّةِ، عَلَى صَفِيحَةٍ مِنَ الْوَرَقِ الْحَسَّاسِ.»
";Crystal, D. (2008). A dictionary of linguistics and phonetics (6th ed.). Blackwell Publishing. ;p. 445.;Crystal, D. (2008). A dictionary of linguistics and phonetics (6th ed.). Blackwell Publishing. ;p. 445.;معالجة الإشارات;;;;;;;;;;;;;;;
تَرَدُّدٌ أَسَاسِيٌّ;Fundamental Frequency;تَرَدُّدُ اهْتِزَازِ الْأَوْتَارِ الصَّوْتِيَّةِ، أَوْ تَرَدُّدُ الْمَوْجَةِ الْمُرَكَّبَةِ ;ردد;اسم ;تختلف قيم هذا التردد الأساسي بين الذكور والإناث، فعلى سبيل المثال تبلغ قيمه عند الذكور البالغين ما بين 85 و180 هيرتز في حين تبلغ قيمه عند الإناث البالغات ما بين 165 و255 هيرتز;Jurafsky, D., & Martin, J. H. Speech and Language Processing;p.322;السَّعيد، المُعتزّ بالله . (محرّر). (2019). العربَّية والذَّكاء الاصطناعيّ (ط. 1). مركز الملك عبد الله بن عبد العزيز الدولي لخدمة اللغة العربية.;p.151;علم الأصوات;;;;;;;;;;;;;;;
النَّغْمَةُ الصَّوْتِيَّةُ;Pitch;«خَاصِّيَّةٌ مِنْ خَصَائِصِ الْإِحْسَاسِ السَّمْعِيِّ يُمْكِنُ بِمُقْتَضَاهَا تَرْتِيبُ الصَّوْتِ عَلَى سُلَّمٍ يَمْتَدُّ مِنَ الْمُنْخَفِضِ إِلَى الْمُرْتَفِعِ.»;نغم;اسم ;"«غَيْرَ أَنَّهُ يُمْكِنُ سَمَاعُ تَقَابُلَاتِ النَّغْمَةِ الصَّوْتِيَّةِ (pitch) فِي الْأَصْوَاتِ الْمَهْمُوسَةِ؛ بَلْ حَتَّى فِي الْكَلَامِ الْمَهْمُوسِ يُمْكِنُ إِدْرَاكُ انْطِبَاعَاتِ النَّغْمَةِ الصَّوْتِيَّةِ الْهَابِطَةِ وَالصَّاعِدَةِ وَغَيْرِهَا، وَهِيَ تَعْكِسُ التَّغَيُّرَاتِ الْمُتَوَالِيَةَ فِي هَيْئَاتِ الْمَسْلَكِ الصَّوْتِيِّ.»
";Crystal, D. (2008). A dictionary of linguistics and phonetics (6th ed.). Blackwell Publishing. ;p 369;Crystal, D. (2008). A dictionary of linguistics and phonetics (6th ed.). Blackwell Publishing. ;p. 369;علم الأصوات;;;;;;;;;;;;;;;
عِلْمُ الصَّوْتِيَّاتِ النُّطْقِيَّةِ;Articulatory Phonetics;«الصَّوْتِيَّاتُ النُّطْقِيَّةُ (articulatory phonetics) هِيَ دِرَاسَةُ كَيْفِيَّةِ إِنْتَاجِ الْأَصْوَاتِ الْكَلَامِيَّةِ (phones) مِنْ خِلَالِ تَعْدِيلِ أَعْضَاءِ النُّطْقِ الْمُخْتَلِفَةِ فِي الْفَمِ وَالْحَلْقِ وَالْأَنْفِ لِتَيَّارِ الْهَوَاءِ الْقَادِمِ مِنَ الرِّئَتَيْنِ.»;علم;;"«مِنْ وِجْهَةِ نَظَرِ عِلْمِ الصَّوْتِيَّاتِ النُّطْقِيِّ تُصَنَّفُ الْأَصْوَاتُ بِحَسَبِ مَوْقِعِ اللِّسَانِ أَوِ الشَّفَاهِ أَوْ فِيمَا إِذَا كَانَ الْهَوَاءُ يَخْرُجُ مِنَ الْأَنْفِ.»
";Jurafsky, D., & Martin, J. H. Speech and Language Processing;312;مُحَرِّرُ الْمُعْجَمِ;;علم الأصوات;;;;;;;;;;;;;;;
مِيلْ;Mel;"«وَحْدَةٌ لِقِيَاسِ النَّغْمَةِ الصَّوْتِيَّةِ (pitch).»
";ميل;اسم ;"«أَزْوَاجُ الْأَصْوَاتِ الْمُتَسَاوِيَةُ إِدْرَاكِيًّا فِي النَّغْمَةِ الصَّوْتِيَّةِ (pitch) يَفْصِلُ بَيْنَهَا عَدَدٌ مُتَسَاوٍ مِنَ الْمِيلَاتِ (mels).»
";Jurafsky, D., & Martin, J. H. Speech and Language Processing;333-334;Jurafsky, D., & Martin, J. H. Speech and Language Processing;333-334;معالجة الإشارات;;;;;;;;;;;;;;;
;;;;;;;;;;;;;;;;;;;;;;;;;
التَّرَدُّدُ التَّوَافُقِيُّ;Harmonic ;«مَوْجَةٌ دَوْرِيَّةٌ مُنْتَظِمَةٌ تُصَاحِبُ التَّرَدُّدَ الْأَسَاسِيَّ، وَتُسَاعِدُ فِي تَحْدِيدِ النَّغْمَةِ الْمُرَكَّبَةِ.»;ردد;صفة ;"«تَتَضَافَرُ مَجْمُوعَةُ التَّرَدُّدِ الْأَسَاسِيِّ وَسِعَةُ تَوَافُقِيَّاتِهِ (harmonics) الْمُخْتَلِفَةِ لِتُعْطِيَ الصَّوْتَ نَغْمَتَهُ وَنَوْعِيَّتَهُ الْمُمَيِّزَتَيْنِ.»
";Crystal, D. (2008). A dictionary of linguistics and phonetics (6th ed.). Blackwell Publishing. ;p 224;Crystal, D. (2008). A dictionary of linguistics and phonetics (6th ed.). Blackwell Publishing. ;p 224;;;;;;;;;;;;;;;;
الصَّوْتُ الْمُسْتَمِرُّ;Continuant;"«الْأَصْوَاتُ الَّتِي تُنْتَجُ دُونَ إِغْلَاقٍ تَامٍّ لِلْمَسْلَكِ الصَّوْتِيِّ.»
";صوت;صفة ;"«تُعَدُّ جَمِيعُ الصَّوَائِتِ وَالْأَصْوَاتِ الِاحْتِكَاكِيَّةِ أَصْوَاتًا مُسْتَمِرَّةً ([+continuant]).»
";Crystal, D. (2008). A dictionary of linguistics and phonetics (6th ed.). Blackwell Publishing. ;p110;Crystal, D. (2008). A dictionary of linguistics and phonetics (6th ed.). Blackwell Publishing. ;p110 ;;;;;;;;;;;;;;;;
علمُ الأصواتِ التَّوَافُقِيّ;Harmonic Phonology ;«مَنْهَجٌ يَعْتَرِفُ بِثَلَاثَةِ مُسْتَوَيَاتٍ مِنَ التَّمْثِيلِ تَعْمَلُ بِشَكْلٍ مُتَوَازٍ: الصَّرْفِيُّ-الْفُونِيمِيُّ، وَتَنْظِيمَاتُ الْكَلِمَةِ/الْمَقْطَعِ، وَالْمُسْتَوَى الصَّوْتِيُّ.»;علم ;اسم ;"«يَتَجَنَّبُ هٰذَا الْمَنْهَجُ التَّصَوُّرَ التَّقْلِيدِيَّ لِتَنْظِيمِ النَّحْوِ التَّوْلِيدِيِّ الَّذِي يَرَى أَنَّ كُلَّ مُسْتَوًى مِنَ التَّمْثِيلِ يَسْبِقُ الْآخَرَ أَوْ يَلِيهِ.»
";Crystal, D. (2008). A dictionary of linguistics and phonetics (6th ed.). Blackwell Publishing. ;224;Crystal, D. (2008). A dictionary of linguistics and phonetics (6th ed.). Blackwell Publishing. ;p224;;;;;;;;;;;;;;;;
الْمُرُونَةُ النُّطْقِيَّةُ;Plasticity;«مَدَى التَّبَايُنِ الْمُتَاحِ فِي الْمَسْلَكِ الصَّوْتِيِّ لِلْفَرْدِ.»;مرن;اسم ;«يَسْمَحُ [هٰذَا النِّظَامُ] لِمُتَحَدِّثِينَ آخَرِينَ بِتَقَمُّصِ صَوْتٍ صَرِيرِيٍّ لِيَبْدُوا مِثْلَهُ، كَمَا يَحْدُثُ رُوتِينِيًّا مَعَ مُقَلِّدِي الْأَصْوَاتِ.»;Crystal, D. (2008). A dictionary of linguistics and phonetics (6th ed.). Blackwell Publishing. ;p371;;;;;;;;;;;;;;;;;;
صَوْتٌ لَيِّنٌ;Lenis;«مُصْطَلَحٌ عَامٌّ يُسْتَخْدَمُ فِي التَّصْنِيفِ الصَّوْتِيِّ لِلصَّوَامِتِ بِحَسَبِ طَرِيقَةِ النُّطْقِ: يُشِيرُ إِلَى صَوْتٍ يُنْتَجُ بِدَرَجَةٍ ضَعِيفَةٍ نِسْبِيًّا مِنَ الْجُهْدِ الْعَضَلِيِّ وَقُوَّةِ النَّفَسِ، مُقَارَنَةً بِصَوْتٍ آخَرَ يُعْرَفُ بِالشَّدِيدِ (fortis).»;صوت;صفة ;«فِي الْإِنْجِلِيزِيَّةِ تَمِيلُ الصَّوَامِتُ الْمَجْهُورَةُ ([b]، [d]، [v]، [z]، إِلَخْ) إِلَى أَنْ تُنْتَجَ بِنُطْقٍ لَيِّنٍ (lenis)، فِي حِينِ تَكُونُ نَظَائِرُهَا الْمَهْمُوسَةُ شَدِيدَةً نِسْبِيًّا.»;Crystal, D. (2008). A dictionary of linguistics and phonetics (6th ed.). Blackwell Publishing. ;p274;;;;;;;;;;;;;;;;;;
الْجَهْرُ;Voice;"«مُصْطَلَحٌ أَسَاسِيٌّ يُسْتَخْدَمُ فِي التَّصْنِيفِ الصَّوْتِيِّ لِأَصْوَاتِ الْكَلَامِ، يُشِيرُ إِلَى النَّتِيجَةِ السَّمْعِيَّةِ لِاهْتِزَازِ الْأَوْتَارِ الصَّوْتِيَّةِ؛ وَيُسَمَّى أَيْضًا التَّصْوِيتُ (voicing).»";جهر;اسم ;«الصَّوْتُ الَّذِي يَكُونُ مَجْهُورًا فِي الْعَادَةِ، وَلٰكِنَّهُ يُنْتَجُ فِي بِيئَةٍ صَوْتِيَّةٍ مُعَيَّنَةٍ بِـجَهْرٍ (voice) أَقَلَّ مِمَّا فِي سِوَاهَا، أَوْ بِلَا جَهْرٍ (voice) الْبَتَّةَ، يُوصَفُ بِأَنَّهُ مَهْمُوسٌ جُزْئِيًّا (devoiced).»;Crystal, D. (2008). A dictionary of linguistics and phonetics (6th ed.). Blackwell Publishing. ;p 514-515;;;;;;;;;;;;;;;;;;
بَصْمَةُ الصَّوْتِ;Voiceprint;"«عَرْضٌ بَصَرِيٌّ لِصَوْتِ شَخْصٍ مَا مَبْنِيٌّ عَلَى مُخْرَجَاتِ الْمِطْيَافِ أَوْ مَا يُشَابِهُهُ. وَالتَّشْبِيهُ هُنَا بِمُصْطَلَحِ ""بَصْمَةِ الْإِصْبَعِ"" (fingerprint)، وَيُدَّعَى أَحْيَانًا أَنَّ صَوْتَ الشَّخْصِ فَرِيدٌ كَبَصْمَاتِ أَصَابِعِهِ.»";بصم;اسم ;«اسْتُعْمِلَتْ بَصَمَاتُ الصَّوْتِ (voiceprints) فِي عِدَّةِ قَضَايَا قَانُونِيَّةٍ بِوَصْفِهَا أَدِلَّةً لِلتَّعَرُّفِ عَلَى هُوِيَّةِ الْمُتَحَدِّثِ.»;Crystal, D. (2008). A dictionary of linguistics and phonetics (6th ed.). Blackwell Publishing. ;p515-516;;;;;;;;;;;;;;;;;;
التَّصْوِيتُ;Phonation;«مُصْطَلَحٌ عَامٌّ يُسْتَخْدَمُ فِي الصَّوْتِيَّاتِ لِلْإِشَارَةِ إِلَى أَيِّ نَشَاطٍ صَوْتِيٍّ فِي الْحَنْجَرَةِ لَيْسَ دَوْرُهُ بَدْءَ تَيَّارِ الْهَوَاءِ وَلَا النُّطْقَ.»;صوت;اسم ;«يُدْرِجُ بَعْضُ عُلَمَاءِ الصَّوْتِيَّاتِ تَحْتَ هٰذَا الْعُنْوَانِ أَيْضًا التَّحْوِيرَاتِ فِي التَّصْوِيتِ (phonation) النَّاجِمَةَ عَنِ التَّبَايُنَاتِ فِي طُولِ الْأَوْتَارِ الصَّوْتِيَّةِ وَسُمْكِهَا وَشَدِّهَا، كَمَا تَتَجَلَّى فِي سِجِلَّاتِ الْكَلَامِ الْمُخْتَلِفَةِ (مَثَلًا: الْفَالْسِيتُو، السُّوبْرَانُو).»;Crystal, D. (2008). A dictionary of linguistics and phonetics (6th ed.). Blackwell Publishing. ;p361;;;;;;;;;;;;;;;;;;
الْوَحْدَةُ الْفُونِيمَاتِيَّةُ;Phonematic Unit;«إِحْدَى الْفِئَتَيْنِ التَّحْلِيلِيَّتَيْنِ الْمُسْتَخْدَمَتَيْنِ فِي النَّظَرِيَّةِ الْفِيرْثِيَّةِ لِلْفُونُولُوجْيَا الْعُرُوضِيَّةِ، وَالْفِئَةُ الْأُخْرَى هِيَ الْعُرُوضِيَّةُ (prosody).»;وحد;اسم ;«تَتَأَلَّفُ الْوَحْدَاتُ الْفُونِيمَاتِيَّةُ (phonematic units) مِنَ الصَّوَامِتِ وَالصَّوَائِتِ الْمُتَتَابِعَةِ خَطِّيًّا، وَالَّتِي لَا يُمْكِنُ مُعَالَجَتُهَا بِأَدَوَاتِ الْعُرُوضِيَّاتِ.»;Crystal, D. (2008). A dictionary of linguistics and phonetics (6th ed.). Blackwell Publishing. ;p361;;;;;;;;;;;;;;;;;;
الصِّيغَةُ الصَّوْتِيَّةُ الْمُتَّسِقَةُ;. Phonetically Consistent Form;"«فِي بَعْضِ دِرَاسَاتِ اكْتِسَابِ لُغَةِ الطِّفْلِ، تَصْوِيتٌ يُمْكِنُ تَمْيِيزُهُ وَيَتَكَرَّرُ وَيَبْدُو ذَا مَعْنًى، لٰكِنَّهُ لَا يُعَادِلُ كَلِمَةً فِي لُغَةِ الْبَالِغِ؛ وَيُسَمَّى أَيْضًا الْكَلِمَةَ الْأَوَّلِيَّةَ (proto-word).»
";صيغ;اسم ;«كَمَا يُوحِي الْمُصْطَلَحُ، تَمْتَلِكُ الصِّيَغُ الصَّوْتِيَّةُ الْمُتَّسِقَةُ (phonetically consistent forms) اسْتِقْرَارًا نُطْقِيًّا، لٰكِنَّهَا مَعَ ذٰلِكَ أَقَلُّ ضَبْطًا صَوْتِيًّا مِنَ الْكَلِمَاتِ.»;Crystal, D. (2008). A dictionary of linguistics and phonetics (6th ed.). Blackwell Publishing. ;p363;;;;;;;;;;;;;;;;;;
التَّبَلْعُمُ;Pharyngealization;«مُصْطَلَحٌ عَامٌّ يُشِيرُ إِلَى أَيِّ نُطْقٍ يَتَضَمَّنُ تَضْيِيقًا فِي الْبُلْعُومِ.»;بلعم;اسم ;"«الصَّوْتُ [s] الْمُتَبَلْعَمُ (pharyngealized)، عَلَى سَبِيلِ الْمِثَالِ، نُطْقٌ ثَانَوِيٌّ يُنْتَجُ بِتَضْيِيقِ الْبُلْعُومِ تَزَامُنًا مَعَ نُطْقِ الصَّوْتِ [s]؛ وَتَكُونُ نَتِيجَتُهُ السَّمْعِيَّةُ صَوْتًا ذَا رَنِينٍ مَرْكَزِيٍّ خَشِنٍ نَوْعًا مَا.»";Crystal, D. (2008). A dictionary of linguistics and phonetics (6th ed.). Blackwell Publishing. ;p 359;;;;;;;;;;;;;;;;;;
الْبُرُوزُ;Prominence;«مُصْطَلَحٌ يُسْتَخْدَمُ فِي الصَّوْتِيَّاتِ السَّمْعِيَّةِ لِلْإِشَارَةِ إِلَى دَرَجَةِ تَمَيُّزِ صَوْتٍ أَوْ مَقْطَعٍ عَنْ غَيْرِهِ فِي مُحِيطِهِ.»;برز;اسم ;«تُسْهِمُ التَّبَايُنَاتُ فِي الطُّولِ وَالنَّغْمَةِ الصَّوْتِيَّةِ وَالنَّبْرِ وَالرَّنِينِ الذَّاتِيِّ كُلُّهَا فِي بُرُوزِ (prominence) الْوَحْدَةِ النِّسْبِيِّ.»;Crystal, D. (2008). A dictionary of linguistics and phonetics (6th ed.). Blackwell Publishing. ;p 391;;;;;;;;;;;;;;;;;;
نَوْعِيَّةُ الصَّوْتِ;Quality;«مُصْطَلَحٌ يُسْتَخْدَمُ فِي الصَّوْتِيَّاتِ السَّمْعِيَّةِ وَالْفُونُولُوجْيَا لِلْإِشَارَةِ إِلَى الرَّنِينِ الْمُمَيِّزِ، أَوِ الْجَرْسِ (timbre)، لِصَوْتٍ مَا، وَهُوَ نَتِيجَةُ مَدَى التَّرَدُّدَاتِ الَّتِي تُكَوِّنُ هُوِيَّةَ الصَّوْتِ.»;نوع;اسم ;«يُمْكِنُ وَصْفُ التَّبَايُنَاتِ فِي كُلٍّ مِنَ الصَّوَائِتِ وَالصَّوَامِتِ بِدَلَالَةِ النَّوْعِيَّةِ (quality)، فَالتَّمْيِيزُ بَيْنَ [i] وَ[e] مَثَلًا يُسَمَّى فَرْقًا نَوْعِيًّا (qualitative).»;Crystal, D. (2008). A dictionary of linguistics and phonetics (6th ed.). Blackwell Publishing. ;p 398;;;;;;;;;;;;;;;;;;
الْكَمِّيَّةُ;Quantity;"«مُصْطَلَحٌ يُسْتَخْدَمُ فِي الْفُونُولُوجْيَا لِلْإِشَارَةِ إِلَى الْأَمَدِ النِّسْبِيِّ لِلْأَصْوَاتِ وَالْمَقَاطِعِ عِنْدَمَا تَكُونُ مُتَقَابِلَةً لُغَوِيًّا؛ وَيُشَارُ إِلَيْهَا أَيْضًا بِالطُّولِ (length).»";كمم;اسم ;"«يُسْتَعْمَلُ هٰذَا الْمُصْطَلَحُ خَاصَّةً فِي الدِّرَاسَاتِ التَّارِيخِيَّةِ لِطُولِ الصَّائِتِ وَالْمَقْطَعِ، وَيُقَابَلُ بِمَفْهُومِ النَّوْعِيَّةِ؛ لٰكِنَّ التَّحْلِيلَ الْكَمِّيَّ (quantitative) يَنْطَبِقُ أَيْضًا عَلَى الصَّوَامِتِ، كَمَا يَتَجَلَّى فِي التَّقَابُلِ بَيْنَ الصَّوَامِتِ ""الطَّوِيلَةِ"" وَ""الْقَصِيرَةِ"" وَفِي التَّضْعِيفِ (gemination).»";Crystal, D. (2008). A dictionary of linguistics and phonetics (6th ed.). Blackwell Publishing. ;p 399;;;;;;;;;;;;;;;;;;
حَسَاسِيَّةُ الْكَمِّيَّةِ;Quantity Sensitivity;«فِي الْفُونُولُوجْيَا الْعُرُوضِيَّةِ، مُعَامِلُ شَكْلِ الْقَدَمِ الَّذِي يَحْكُمُ تَوْزِيعَ الْمَقَاطِعِ الْخَفِيفَةِ وَالثَّقِيلَةِ فِي الْعُقَدِ الطَّرَفِيَّةِ لِلْأَقْدَامِ.»;حسس;اسم ;«فِي الْأَقْدَامِ غَيْرِ الْحَسَّاسَةِ لِلْكَمِّيَّةِ (quantity-insensitive) تُعَامَلُ جَمِيعُ الْمَقَاطِعِ بِوَصْفِهَا خَفِيفَةً أَوْ ثَقِيلَةً بِالتَّسَاوِي دُونَ قُيُودٍ. أَمَّا فِي الْأَقْدَامِ الْحَسَّاسَةِ لِلْكَمِّيَّةِ (quantity-sensitive) فَلَا يَجُوزُ لِلْمَقَاطِعِ الثَّقِيلَةِ أَنْ تَقَعَ فِي الْمَوَاقِعِ الرَّاجِعَةِ، وَتَكُونُ مَنْبُورَةً.»;Crystal, D. (2008). A dictionary of linguistics and phonetics (6th ed.). Blackwell Publishing. ;p 399;;;;;;;;;;;;;;;;;;
الرَّنِينُ;Resonance;«مُصْطَلَحٌ مُسْتَقًى مِنْ فِيزْيَاءِ الصَّوْتِ، يُسْتَخْدَمُ فِي الصَّوْتِيَّاتِ الْأَكُوسْتِيكِيَّةِ لِلْإِشَارَةِ إِلَى اهْتِزَازَاتِ حَرَكَةِ الْهَوَاءِ فِي الْمَسْلَكِ الصَّوْتِيِّ الَّتِي يُثِيرُهَا (يُرَنِّنُهَا) مَصْدَرُ التَّصْوِيتِ.»;رنن;اسم ;«حُجَرُ الرَّنِينِ (resonance) الرَّئِيسَةُ فِي الْمَسْلَكِ الصَّوْتِيِّ هِيَ الْفَمُ وَالْأَنْفُ وَالْبُلْعُومُ، وَتَعْمَلُ هٰذِهِ التَّجْوِيفَاتُ بِأَشْكَالِهَا الْمُتَنَوِّعَةِ عَلَى تَقْوِيَةِ بَعْضِ التَّرَدُّدَاتِ الْمَوْجُودَةِ فِي مَصْدَرِ الصَّوْتِ، مُنْتِجَةً مَدَى الْأَصْوَاتِ الْبَشَرِيَّةِ.»;Crystal, D. (2008). A dictionary of linguistics and phonetics (6th ed.). Blackwell Publishing. ;p411;;;;;;;;;;;;;;;;;;
مُرْتَدُّ اللِّسَانِ;Retroflex;«مُصْطَلَحٌ يُسْتَخْدَمُ فِي التَّصْنِيفِ الصَّوْتِيِّ لِلصَّوَامِتِ بِحَسَبِ مَوْضِعِ النُّطْقِ: يُشِيرُ إِلَى صَوْتٍ يُنْتَجُ بِانْثِنَاءِ ذَلَقِ اللِّسَانِ إِلَى الْخَلْفِ فِي اتِّجَاهِ الْجُزْءِ الْأَمَامِيِّ مِنَ الْحَنَكِ الصُّلْبِ — أَيْ خَلْفَ الْحَافَةِ اللِّثَوِيَّةِ مُبَاشَرَةً.»;ردد;صفة ;«تُمَثِّلُ نَوْعِيَّةُ أَصْوَاتِ r الْمُرْتَبِطَةُ تَقْلِيدِيًّا بِالْإِنْجِلِيزِيَّةِ الْأَمْرِيكِيَّةِ وَبِكَثِيرٍ مِنَ اللَّهَجَاتِ الرِّيفِيَّةِ الْبِرِيطَانِيَّةِ (خَاصَّةً فِي الْجَنُوبِ الْغَرْبِيِّ) مَجْمُوعَةً رَئِيسَةً مِنَ الْأَصْوَاتِ الْمُرْتَدَّةِ (retroflex)، وَقَدْ تُسْمَعُ هٰذِهِ النَّوْعِيَّةُ أَيْضًا عَلَى أَيِّ صَائِتٍ يَسْبِقُ r مُرْتَدًّا (retroflexed).»;Crystal, D. (2008). A dictionary of linguistics and phonetics (6th ed.). Blackwell Publishing. ;p 415;;;;;;;;;;;;;;;;;;
الِاسْتِدَارَةُ;Rounding;«مُصْطَلَحٌ يُسْتَخْدَمُ فِي تَصْنِيفِ وَضْعِ الشَّفَتَيْنِ فِي الصَّوْتِيَّاتِ، يُشِيرُ إِلَى الْمَظْهَرِ الْبَصَرِيِّ لِلشَّفَتَيْنِ عِنْدَمَا تَتَّخِذَانِ شَكْلًا مُسْتَدِيرًا، كَمَا فِي الِاسْتِدَارَةِ الْمُغْلَقَةِ لِـ [u] وَالِاسْتِدَارَةِ الْأَكْثَرِ انْفِتَاحًا لِـ [Ñ].»;دور;اسم ;«لِكُلِّ مَوْضِعٍ صَائِتِيٍّ عَلَى مُخَطَّطِ الصَّوَائِتِ الْقِيَاسِيَّةِ صِيغَةٌ مُسْتَدِيرَةٌ (rounded) وَأُخْرَى غَيْرُ مُسْتَدِيرَةٍ (unrounded)، مَثَلًا: [i] مُقَابِلَ [y]، وَ[e] مُقَابِلَ [ø].»;Crystal, D. (2008). A dictionary of linguistics and phonetics (6th ed.). Blackwell Publishing. ;p420;;;;;;;;;;;;;;;;;;
الْقِطْعَةُ الصَّوْتِيَّةُ;Segment;«مُصْطَلَحٌ يُسْتَخْدَمُ فِي الصَّوْتِيَّاتِ وَاللِّسَانِيَّاتِ لِلْإِشَارَةِ بِالدَّرَجَةِ الْأُولَى إِلَى أَيِّ وَحْدَةٍ مُنْفَصِلَةٍ يُمْكِنُ تَحْدِيدُهَا فِيزْيَائِيًّا أَوْ سَمْعِيًّا فِي سَيْلِ الْكَلَامِ.»;قطع;اسم ;"«يُمْكِنُ أَنْ يَتِمَّ التَّقْطِيعُ (segmentation) بِاسْتِخْدَامِ مَعَايِيرَ فِيزْيَائِيَّةٍ أَوْ سَمْعِيَّةٍ: فِي الْحَالَةِ الْأُولَى تُحَدَّدُ نِقَاطُ التَّغَيُّرِ الْأَكُوسْتِيكِيَّةُ أَوِ النُّطْقِيَّةُ بِوَصْفِهَا حُدُودًا لِلْقِطَعِ (segments)؛ وَفِي الْحَالَةِ الثَّانِيَةِ تَكُونُ التَّغَيُّرَاتُ الْمُدْرَكَةُ فِي النَّوْعِيَّةِ أَوِ الْكَمِّيَّةِ أَسَاسَ التَّقْسِيمِ.»";Crystal, D. (2008). A dictionary of linguistics and phonetics (6th ed.). Blackwell Publishing. ;p426;;;;;;;;;;;;;;;;;;
السِّلْسِلَةُ;Series;«مُصْطَلَحٌ يُسْتَخْدَمُ فِي الصَّوْتِيَّاتِ وَالْفُونُولُوجْيَا لِلْإِشَارَةِ إِلَى أَيِّ مَجْمُوعَةٍ مِنَ الصَّوَامِتِ تَشْتَرِكُ فِي سِمَةٍ صَوْتِيَّةٍ وَاحِدَةٍ عَلَى الْأَقَلِّ، وَتَتَمَايَزُ بِحَسَبِ مَوْضِعِ النُّطْقِ.»;سلسل;اسم ;«فَعَلَى سَبِيلِ الْمِثَالِ، تَشْمَلُ سِلْسِلَةُ الِانْفِجَارِيَّاتِ الْمَجْهُورَةِ [b]–[d]–[ɡ]، وَسِلْسِلَةُ الْأَنْفِيَّاتِ [m]–[n]–[ŋ]، إِلَخْ.»;Crystal, D. (2008). A dictionary of linguistics and phonetics (6th ed.). Blackwell Publishing. ;p434;;;;;;;;;;;;;;;;;;
الْجَهَارَةُ;Sonority;«مُصْطَلَحٌ فِي الصَّوْتِيَّاتِ السَّمْعِيَّةِ يُشِيرُ إِلَى الْعُلُوِّ الصَّوْتِيِّ الْإِجْمَالِيِّ لِصَوْتٍ مَا نِسْبَةً إِلَى أَصْوَاتٍ أُخْرَى ذَاتِ النَّغْمَةِ الصَّوْتِيَّةِ وَالنَّبْرِ وَالْأَمَدِ نَفْسِهَا.»;جهر;اسم ;«تُحْسَبُ الْجَهَارَةُ (sonority) عَادَةً عَلَى سُلَّمٍ يَمْتَدُّ مِنَ الْوَقْفِيَّاتِ الْمَهْمُوسَةِ (أَدْنَاهَا) إِلَى الصَّوَائِتِ الْمُنْخَفِضَةِ (أَعْلَاهَا): الْوَقْفِيَّاتُ الْمَهْمُوسَةُ – الْوَقْفِيَّاتُ الْمَجْهُورَةُ – الِاحْتِكَاكِيَّاتُ الْمَهْمُوسَةُ – الِاحْتِكَاكِيَّاتُ الْمَجْهُورَةُ – الْأَنْفِيَّاتُ – الذَّوَائِبُ – الِانْزِلَاقِيَّاتُ – الصَّوَائِتُ الْمُرْتَفِعَةُ – الصَّوَائِتُ الْمُتَوَسِّطَةُ – الصَّوَائِتُ الْمُنْخَفِضَةُ.»;Crystal, D. (2008). A dictionary of linguistics and phonetics (6th ed.). Blackwell Publishing. ;p442;;;;;;;;;;;;;;;;;;
تَدَرُّجُ الْجَهَارَةِ;Sonority;«فِي الْفُونُولُوجْيَا، مُصْطَلَحٌ يُسْتَخْدَمُ فِي مُحَاوَلَاتِ تَحْدِيدِ الْبِنْيَةِ الْمَقْطَعِيَّةِ لِلْمَنْطُوقَاتِ.»;درج;اسم ;«لُوحِظَتْ أَنْمَاطٌ لِتَتَابُعِ الْجَهَارَةِ (sonority)، أَفْضَتْ إِلَى مُلَاحَظَاتٍ مِنْ قَبِيلِ تَعْمِيمِ تَتَابُعِ الْجَهَارَةِ (sonority sequencing generalization): فِي أَيِّ مَقْطَعٍ ثَمَّةَ قِطْعَةٌ تُشَكِّلُ ذِرْوَةَ الْجَهَارَةِ (sonority peak) تَسْبِقُهَا وَ/أَوْ تَلِيهَا سِلْسِلَةٌ مِنَ الْقِطَعِ ذَاتِ قِيَمِ جَهَارَةٍ (sonority) مُتَنَاقِصَةٍ تَدْرِيجِيًّا.»;Crystal, D. (2008). A dictionary of linguistics and phonetics (6th ed.). Blackwell Publishing. ;p 442;;;;;;;;;;;;;;;;;;
الْمَنْبَعُ;Source;«فِي الصَّوْتِيَّاتِ الْأَكُوسْتِيكِيَّةِ، يُشِيرُ الْمَنْبَعُ (source) إِلَى شَكْلِ مَوْجَةِ الْحَنْجَرَةِ الْمُهْتَزَّةِ.»;نبع;اسم ;«تَعْمَلُ حُجَرُ الرَّنِينِ الْمُخْتَلِفَةُ فِي الْمَسْلَكِ الصَّوْتِيِّ، وَلَا سِيَّمَا حَرَكَاتُ اللِّسَانِ وَالشَّفَتَيْنِ، عَلَى الْمَنْبَعِ الْحَنْجَرِيِّ (laryngeal source) عَمَلَ الْمُرَشِّحِ، فَتُقَوِّي بَعْضَ التَّوَافُقِيَّاتِ عَلَى حِسَابِ غَيْرِهَا. وَيُعْرَفُ الْجَمْعُ بَيْنَ هٰذَيْنِ الْعُنْصُرَيْنِ بِنَمُوذَجِ الْمَنْبَعِ-الْمُرَشِّحِ (source-filter model) لِإِنْتَاجِ الصَّوَائِتِ.»;Crystal, D. (2008). A dictionary of linguistics and phonetics (6th ed.). Blackwell Publishing. ;p443;;;;;;;;;;;;;;;;;;
التَّعَرُّفُ الْآلِيُّ عَلَى الْكَلَامِ;Speech Recognition / ASR;"«فِي الصَّوْتِيَّاتِ وَاللِّسَانِيَّاتِ الْحَاسُوبِيَّةِ، التَّعَرُّفُ عَلَى الْكَلَامِ الْبَشَرِيِّ عَبْرَ التَّحْلِيلِ الْحَاسُوبِيِّ؛ وَيُسَمَّى أَيْضًا التَّعَرُّفَ الْآلِيَّ عَلَى الْكَلَامِ (ASR).»";عرف;اسم ;«يَتَمَثَّلُ الْهَدَفُ الْأَكْثَرُ تَحَدِّيًا لِلتَّعَرُّفِ الْآلِيِّ عَلَى الْكَلَامِ (ASR) فِي مُعَالَجَةِ الْكَلَامِ الْمُتَّصِلِ.»;Crystal, D. (2008). A dictionary of linguistics and phonetics (6th ed.). Blackwell Publishing. ;p 447;;;;;;;;;;;;;;;;;;
الِانْتِشَارُ;Spreading;«فِي بَعْضِ نَمَاذِجِ الْفُونُولُوجْيَا غَيْرِ الْخَطِّيَّةِ، يُشِيرُ الِانْتِشَارُ (spreading) إِلَى ارْتِبَاطِ (أَوْ رَبْطِ) سِمَةٍ أَوْ عُقْدَةٍ تَابِعَةٍ لِقِطْعَةٍ مَا بِقِطْعَةٍ مُجَاوِرَةٍ.»;نشر;اسم ;«لِهٰذَا الْمَفْهُومِ أَهَمِّيَّةٌ خَاصَّةٌ فِي دِرَاسَةِ الْمُمَاثَلَةِ (assimilation)، حَيْثُ يُنْتِجُ أَثَرُ الِانْتِشَارِ (spreading) تَمْثِيلًا مُخْرَجِيًّا ذَا عُقَدٍ مُتَعَدِّدَةِ الِارْتِبَاطِ.»;Crystal, D. (2008). A dictionary of linguistics and phonetics (6th ed.). Blackwell Publishing. ;p449;;;;;;;;;;;;;;;;;;
الشَّارِدُ;Stray;«مُصْطَلَحٌ يُسْتَخْدَمُ فِي نَمَاذِجَ مُخْتَلِفَةٍ مِنَ الْفُونُولُوجْيَا غَيْرِ الْخَطِّيَّةِ، يَصِفُ وَحْدَةً (مَقْطَعًا أَوْ قِطْعَةً مَثَلًا) تَقَعُ خَارِجَ قَوَاعِدِ التَّمْثِيلِ، وَتَسْتَلْزِمُ بِالتَّالِي مُعَالَجَةً خَاصَّةً.»;شرد;صفة ;«فَعَلَى سَبِيلِ الْمِثَالِ، فِي الْفُونُولُوجْيَا الْعُرُوضِيَّةِ يَحْتَاجُ الْمَقْطَعُ الشَّارِدُ (stray) النَّاتِجُ عَنْ إِزَالَةِ النَّبْرِ إِلَى إِلْحَاقِهِ بِعُقْدَةٍ أُخْرَى فِي شَجَرَةِ الْكَلِمَةِ (إِلْحَاقُ الْمَقْطَعِ الشَّارِدِ — stray syllable adjunction).»;Crystal, D. (2008). A dictionary of linguistics and phonetics (6th ed.). Blackwell Publishing. ;p 454;;;;;;;;;;;;;;;;;;
حَذْفُ الْعَنَاصِرِ الشَّارِدَةِ;Stray Erasure;«حَذْفُ الْعَنَاصِرِ الشَّارِدَةِ (stray erasure) إِجْرَاءٌ يَحْذِفُ الْقِطَعَ الَّتِي لَا يُمْكِنُ إِدْمَاجُهَا فِي مَقْطَعٍ سَلِيمِ التَّكْوِينِ.»;حذف;اسم ;«فَعَلَى سَبِيلِ الْمِثَالِ، يُقْتَرَحُ تَطْبِيقُهُ فِي حَالَاتٍ مِثْلِ hymn/hymnal، حَيْثُ يُعَدُّ التَّتَابُعُ /mn/ ذَنَبًا مَقْطَعِيًّا (coda) غَيْرَ مَقْبُولٍ. غَيْرَ أَنَّ التَّمْثِيلَ الْكَامِنَ /him.n/ يُنْتِجُ صَوْتَ /n/ غَيْرَ مُقَطَّعٍ، يُمْكِنُ عِنْدَئِذٍ — فِي أَحَدِ الْحُلُولِ — حَذْفُهُ بِـحَذْفِ الْعَنَاصِرِ الشَّارِدَةِ (stray erasure).»;Crystal, D. (2008). A dictionary of linguistics and phonetics (6th ed.). Blackwell Publishing. ;p 454;;;;;;;;;;;;;;;;;;
الْقُوَّةُ;Strength;«مُصْطَلَحٌ يُسْتَخْدَمُ فِي الْفُونُولُوجْيَا، يُشِيرُ إِلَى سُلَّمٍ (أَوْ سَلَالِمَ) كَوْنِيٍّ مِنَ الْقِيَمِ يُمْكِنُ تَرْتِيبُ الْوَحَدَاتِ (الْقِطَعِ أَوْ فِئَاتِ الْقِطَعِ) عَلَيْهِ مِنَ الْقَوِيِّ إِلَى الضَّعِيفِ.»;قوي;اسم ;«يَهْدِفُ هٰذَا الْمَنْهَجُ إِلَى تَحْدِيدِ الِاحْتِمَالِيَّةِ النِّسْبِيَّةِ لِوُرُودِ أَيِّ قِطْعَةٍ فِي أَيِّ مَوْقِعٍ تَحْدِيدًا آلِيًّا، اسْتِنَادًا إِلَى سُلَّمِ الْقُوَّةِ (strength) لِلْقِطَعِ وَلِلْمَوَاقِعِ الْبِنْيَوِيَّةِ.»;Crystal, D. (2008). A dictionary of linguistics and phonetics (6th ed.). Blackwell Publishing. ;p454;;;;;;;;;;;;;;;;;;
تَصَادُمُ النَّبْرِ;Stress Clash;عِنْدَمَا يَتَجَاوَرُ مَقْطَعَانِ مَنْبُورَانِ مُبَاشَرَةً، تُوصَفُ الْحَالَةُ بِتَصَادُمِ النَّبْرِ;نبر;اسم ;"«يَمِيلُ الْمُتَحَدِّثُونَ إِلَى تَجَنُّبِ تَصَادُمِ النَّبْرِ (stress clash)؛ فَعَلَى سَبِيلِ الْمِثَالِ، تُنْبَرُ كَلِمَةُ thirteen عَادَةً عَلَى الْمَقْطَعِ الثَّانِي، لٰكِنْ فِي عِبَارَةِ thirteen men يَنْتَقِلُ النَّبْرُ إِلَى الْمَقْطَعِ الْأَوَّلِ.»";Crystal, D. (2008). A dictionary of linguistics and phonetics (6th ed.). Blackwell Publishing. ;p 455-456;;;;;;;;;;;;;;;;;;
الْمَقْطَعُ;Syllable;«وَحْدَةٌ نُطْقِيَّةٌ أَكْبَرُ مِنْ صَوْتٍ مُفْرَدٍ عَادَةً وَأَصْغَرُ مِنْ كَلِمَةٍ.»;قطع;اسم ;«يُمْكِنُ أَنْ تُنْطَقَ الْكَلِمَةُ 'مَقْطَعًا مَقْطَعًا' (syllable at a time)، كَمَا فِي ne-ver-the-less.»;Crystal, D. (2008). A dictionary of linguistics and phonetics (6th ed.). Blackwell Publishing. ;p468;;;;;;;;;;;;;;;;;;
التَّقْطِيعُ الْمَقْطَعِيُّ ;Syllabification;مُصْطَلَحٌ يُشِيرُ إِلَى تَقْسِيمِ الْكَلِمَةِ إِلَى مَقَاطِعَ;قطع;اسم ;«يُفَسَّرُ التَّقْطِيعُ الْمَقْطَعِيُّ (syllabification) هُنَا (وَإِعَادَةُ التَّقْطِيعِ الْمَقْطَعِيِّ — resyllabification) فِي ضَوْءِ مَسَائِلِ التَّمْثِيلِ — كَيْفَ وَمَتَى تُسْنَدُ الْبِنْيَةُ الْمَقْطَعِيَّةُ إِلَى السَّلَاسِلِ فِي الِاشْتِقَاقِ، وَأَيُّ الْقَوَاعِدِ الْفُونُولُوجِيَّةِ تَتَدَخَّلُ فِي التَّقْطِيعِ الْمَقْطَعِيِّ (syllabification).»;Crystal, D. (2008). A dictionary of linguistics and phonetics (6th ed.). Blackwell Publishing. ;p468;;;;;;;;;;;;;;;;;;
مَقْطَعِيُّ الْإِيقَاعِ;Syllable-timed;"«مُصْطَلَحٌ عَامٌّ جِدًّا يُسْتَخْدَمُ فِي الصَّوْتِيَّاتِ لِتَوْصِيفِ نُطْقِ اللُّغَاتِ الَّتِي تُظْهِرُ نَمَطًا إِيقَاعِيًّا مُعَيَّنًا؛ وَيُقَابِلُ اللُّغَاتِ نَبْرِيَّةَ الْإِيقَاعِ (stress-timed).»";قطع;صفة ;"«فِي اللُّغَاتِ مَقْطَعِيَّةِ الْإِيقَاعِ (syllable-timed) يُقَالُ إِنَّ الْمَقَاطِعَ تَتَوَالَى عَلَى فَتَرَاتٍ زَمَنِيَّةٍ مُنْتَظَمَةٍ، كَمَا فِي الْفَرَنْسِيَّةِ؛ وَتُسَمَّى هٰذِهِ السِّمَةُ أَحْيَانًا التَّسَاوِيَ الْمَقْطَعِيَّ (isosyllabism).»";Crystal, D. (2008). A dictionary of linguistics and phonetics (6th ed.). Blackwell Publishing. ;p 469;;;;;;;;;;;;;;;;;;
نَبْرِيُّ الْإِيقَاعِ;Stress-timed;"«مُصْطَلَحٌ عَامٌّ جِدًّا يُسْتَخْدَمُ فِي الصَّوْتِيَّاتِ لِتَوْصِيفِ نُطْقِ اللُّغَاتِ الَّتِي تُظْهِرُ نَمَطًا إِيقَاعِيًّا مُعَيَّنًا؛ وَيُقَابِلُ اللُّغَاتِ مَقْطَعِيَّةَ الْإِيقَاعِ (syllable-timed).»";نبر;صفة ;«فِي اللُّغَاتِ نَبْرِيَّةِ الْإِيقَاعِ (stress-timed) يُدَّعَى أَنَّ الْمَقَاطِعَ الْمَنْبُورَةَ تَتَكَرَّرُ عَلَى فَتَرَاتٍ زَمَنِيَّةٍ مُنْتَظَمَةٍ (تَوْقِيتٌ نَبْرِيٌّ — stress-timing)، بِغَضِّ النَّظَرِ عَنْ عَدَدِ الْمَقَاطِعِ غَيْرِ الْمَنْبُورَةِ الْفَاصِلَةِ، كَمَا فِي الْإِنْجِلِيزِيَّةِ.»;Crystal, D. (2008). A dictionary of linguistics and phonetics (6th ed.). Blackwell Publishing. ;p 456;;;;;;;;;;;;;;;;;;
الْحِدَّةُ;  Stridency;"«فِي الصَّوْتِيَّاتِ، سُلَّمٌ يُسْتَخْدَمُ لِتَوْصِيفِ الْأَصْوَاتِ (الِاحْتِكَاكِيَّاتِ تَحْدِيدًا) سَمْعِيًّا بِنَاءً عَلَى نَغْمَتِهَا الصَّوْتِيَّةِ الْمُدْرَكَةِ وَعُلُوِّهَا الصَّوْتِيِّ؛ وَتُسَمَّى أَيْضًا الصَّفِيرِيَّةَ (sibilance).»";حدد;اسم ;"«تَحْتَلُّ أَصْوَاتٌ مِثْلُ [s] مَرْتَبَةً أَعْلَى عَلَى سُلَّمِ الْحِدَّةِ (stridency)، إِذْ تَكُونُ مُرْتَفِعَةَ النَّغْمَةِ نِسْبِيًّا وَشَدِيدَةً (تُظْهِرُ طَاقَةً أَكْبَرَ عِنْدَ التَّرَدُّدَاتِ الْعُلْيَا)؛ بَيْنَمَا تَكُونُ أَصْوَاتٌ مِثْلُ [f] أَدْنَى بِكَثِيرٍ (تُظْهِرُ طَاقَةً أَكْبَرَ عِنْدَ التَّرَدُّدَاتِ الدُّنْيَا).»";Crystal, D. (2008). A dictionary of linguistics and phonetics (6th ed.). Blackwell Publishing. ;p456;;;;;;;;;;;;;;;;;;
الْهَدَفُ النُّطْقِيُّ;Target;«مُصْطَلَحٌ يُسْتَخْدَمُ فِي الصَّوْتِيَّاتِ وَعِلْمِ النَّفْسِ اللُّغَوِيِّ لِلْإِشَارَةِ إِلَى حَالَةٍ نُطْقِيَّةٍ افْتِرَاضِيَّةٍ تُتَّخَذُ نُقْطَةَ مَرْجِعٍ عِنْدَ وَصْفِ إِنْتَاجِ الْكَلَامِ بِمِنْظُورٍ دِينَامِيكِيٍّ.»;هدف;اسم ;«فِي الْكَلَامِ الْمُتَّصِلِ، قَدْ لَا تَتَحَقَّقُ سِمَاتُ الْهَدَفِ النُّطْقِيِّ (target) لِصَوْتٍ مَا (مَثَلًا: لِثَوِيٌّ، جَهْرٌ) تَحَقُّقًا كَامِلًا، بِسَبَبِ التَّأْثِيرِ الِاسْتِبَاقِيِّ لِمَفَاصِلِ الْهَدَفِ (target) الْمُتَعَاقِبَةِ.»;Crystal, D. (2008). A dictionary of linguistics and phonetics (6th ed.). Blackwell Publishing. ;p477;;;;;;;;;;;;;;;;;;
أُحَادِيُّ الْمَقْطَعِ;Tautosyllabic;"«مُصْطَلَحٌ يُسْتَخْدَمُ أَحْيَانًا فِي الْفُونُولُوجْيَا لِتَوْصِيفِ نَمَطٍ مِنَ الْقِطَعِ يُمْكِنُ تَحْلِيلُهُ بِوَصْفِهِ مُنْتَمِيًا إِلَى الْمَقْطَعِ نَفْسِهِ؛ وَيُقَابِلُهُ الْمُتَعَدِّدُ الْمَقَاطِعِ (heterosyllabic) حَيْثُ تَنْتَمِي الْقِطَعُ إِلَى مَقَاطِعَ مُخْتَلِفَةٍ.»";أحد;صفة ;"«مُصْطَلَحٌ يُسْتَخْدَمُ أَحْيَانًا فِي الْفُونُولُوجْيَا لِتَوْصِيفِ نَمَطٍ مِنَ الْقِطَعِ يُمْكِنُ تَحْلِيلُهُ بِوَصْفِهِ مُنْتَمِيًا إِلَى الْمَقْطَعِ نَفْسِهِ؛ وَيُقَابِلُهُ الْمُتَعَدِّدُ الْمَقَاطِعِ (heterosyllabic) حَيْثُ تَنْتَمِي الْقِطَعُ إِلَى مَقَاطِعَ مُخْتَلِفَةٍ.»";Crystal, D. (2008). A dictionary of linguistics and phonetics (6th ed.). Blackwell Publishing. ;p477;;;;;;;;;;;;;;;;;;
لُغَةُ مُنَاغَاةِ الْأَطْفَالِ;baby-talk;نَمَطٌ كَلَامِيٌّ خَاصٌّ يَسْتَخْدِمُهُ الْبَالِغُونَ لِمُخَاطَبَةِ الْأَطْفَالِ، يَتَمَيَّزُ بِتَنْغِيمٍ مُبَالَغٍ فِيهِ وَتَبْسِيطٍ لِلْأَصْوَاتِ.;نغو;اسم;«تُعْرَفُ لُغَةُ مُنَاغَاةِ الْأَطْفَالِ (baby-talk) بِخَصَائِصَهَا الصَّوْتِيَّةِ كَالنَّغْمَةِ الْعَالِيَةِ وَالتَّنْغِيمِ الْمُبَالَغِ، وَمِنْ أَمْثِلَتِهَا اسْتِخْدَامُ صِيَغِ التَّصْغِيرِ وَالتَّبْسِيطِ فِي عِبَارَاتٍ مِثْلَ: هل آلمتك ماما؟»;Crystal (2008)Crystal, D. (2008). A dictionary of linguistics and phonetics (6th ed.). Blackwell Publishing. ;48;Crystal, D. (2008). A dictionary of linguistics and phonetics (6th ed.). Blackwell Publishing. ;48;الصوتيات النمائية (اكتساب اللغة);;;;;;;;;;;;;;;
"اتصالات سرية؛ اتصالات موازية";backchannelling;رُدُودُ فِعْلٍ صَوْتِيَّةٍ أَوْ إِيمَاءَاتٌ يَبُثُّهَا الْمُسْتَمِعُ لِلْمُتَحَدِّثِ لِتَأْكِيدِ الِانْتِبَاهِ.;سمع;اسم;«يُشِيرُ مُصْطَلَحُ إِشَارَاتِ الِاسْتِمَاعِ إِلَى التَّغْذِيَةِ الرَّاجِعَةِ الصَّوْتِيَّةِ كَالْإِيمَاءِ بِالرَّأْسِ أَوْ إِصْدَارِ مَقَاطِعَ صَوْتِيَّةٍ قَصِيرَةٍ مِثْلَ (مم) أَوْ (نعم) دُونَ مُقَاطَعَةِ الْمُتَحَدِّثِ.»;Crystal (2008)Crystal, D. (2008). A dictionary of linguistics and phonetics (6th ed.). Blackwell Publishing. ;48;Crystal, D. (2008). A dictionary of linguistics and phonetics (6th ed.). Blackwell Publishing. ;48;التداوليات (تحليل الخطاب الصوتي);;;;;;;;;;;;;;;
عَرْضُ النِّطَاقِ التَّرَدُّدِيِّ;bandwidth;الْفَاصِلُ الزَّمَنِيُّ (بِالْهَرْتَز) بَيْنَ تَرَدُّدَيْنِ حَيْثُ تَنْخَفِضُ ذُرْوَةُ الرَّنِينِ الصَّوْتِيِّ بِمِقْدَارِ 3 دِيسِيبِل.;عرض;اسم;«فِي الْأَكُوسْتِيكَا الصَّوْتِيَّةِ، إِذَا كَانَ لَدَيْنَا فُورْمَانْتٌ رَنِينِيٌّ يَقَعُ عِنْدَ 1500 هَرْتَز بِعَرْضِ نِطَاقٍ (bandwidth) 100 هَرْتَز، فَإِنَّ مُعْظَمَ الطَّاقَةِ الصَّوْتِيَّةِ سَتَتَرَكَّزُ بَيْنَ 1450 وَ1550 هَرْتَز.»;Crystal (2008)Crystal, D. (2008). A dictionary of linguistics and phonetics (6th ed.). Blackwell Publishing. ;49;Crystal, D. (2008). A dictionary of linguistics and phonetics (6th ed.). Blackwell Publishing. ;49;علم الأصوات الأكوستيكي (معالجة الإشارات);;;;;;;;;;;;;;;
حَاجِزٌ فُونُولُوجِيٌّ/نَحْوِيٌّ;barrier;حَدٌّ فِي السِّلْسِلَةِ الصَّوْتِيَّةِ يَمْنَعُ انْتِشَارَ قَاعِدَةٍ فُونُولُوجِيَّةٍ، أَوْ عُقْدَةٌ تَمْنَعُ النَّقْلَ النَّحْوِيَّ.;حجز;اسم;«فِي الْفُونُولُوجِيَا، يَعْمَلُ (الْحَاجِزُ) كَعُنْصُرٍ يَمْنَعُ تَطْبِيقَ قَاعِدَةٍ صَوْتِيَّةٍ، كَأَنْ يَمْنَعَ رَمْزٌ حَدِّيٌّ مُعَيَّنٌ سَرَيَانَ الِانْسِجَامِ الصَّائِتِيِّ عَلَى بَقِيَّةِ الْكَلِمَةِ.»;Crystal (2008)Crystal, D. (2008). A dictionary of linguistics and phonetics (6th ed.). Blackwell Publishing. ;50;Crystal, D. (2008). A dictionary of linguistics and phonetics (6th ed.). Blackwell Publishing. ;50;الفونولوجيا / النحو;;;;;;;;;;;;;;;
أَصْلٌ (قَاعِدَةٌ صَوْتِيَّةٌ);base;الشَّكْلُ الصَّوْتِيُّ أَوِ الصَّرْفِيُّ الْأَسَاسِيُّ لِلْمُورْفِيمِ الَّذِي تُبْنَى عَلَيْهِ الِاشْتِقَاقَاتُ.;أصل;اسم;«فِي الْفُونُولُوجِيَا التَّوْلِيدِيَّةِ، تُمَثِّلُ كَلِمَةُ (man) الْأَصْلَ (base) الَّذِي تَعْتَمِدُ عَلَيْهِ الْعَمَلِيَّاتُ الصَّوْتِيَّةُ لِاشْتِقَاقِ صِيغَةِ الْجَمْعِ (men).»;Crystal (2008)Crystal, D. (2008). A dictionary of linguistics and phonetics (6th ed.). Blackwell Publishing. ;50;Crystal, D. (2008). A dictionary of linguistics and phonetics (6th ed.). Blackwell Publishing. ;50;الفونولوجيا الصرفية;;;;;;;;;;;;;;;
لَهْجَةٌ قَاعِيَّةٌ (بَازِيلِكْت);basilect;التَّنَوُّعُ اللُّغَوِيُّ الِاجْتِمَاعِيُّ ذُو السِّمَاتِ الصَّوْتِيَّةِ وَالنَّحْوِيَّةِ الْأَبْعَدِ عَنِ اللُّغَةِ الْمِعْيَارِيَّةِ.;قوع;اسم;«يُمَثِّلُ (الْبَازِيلِكْت) أَدْنَى مُسْتَوَى فِي مُتَّصَلِ اللَّهَجَاتِ الِاجْتِمَاعِيَّةِ، كَاسْتِخْدَامِ عِبَارَةِ ('im nyam it) فِي لَهْجَةِ جَامَايْكَا بَدَلًا مِنَ الْإِنْجْلِيزِيَّةِ الْمِعْيَارِيَّةِ (he ate it).»;Crystal (2008)Crystal, D. (2008). A dictionary of linguistics and phonetics (6th ed.). Blackwell Publishing. ;51;Crystal, D. (2008). A dictionary of linguistics and phonetics (6th ed.). Blackwell Publishing. ;51;علم اللغة الاجتماعي;;;;;;;;;;;;;;;
ضَرْبَةٌ إِيقَاعِيَّةٌ;beat;عَلَامَةٌ فِي الشَّبَكَةِ الْعَرُوضِيَّةِ تُمَثِّلُ الْمَقَاطِعَ الْقَوِيَّةَ الْمَنْبُورَةَ فِي النِّظَامِ الْإِيقَاعِيِّ.;ضرب;اسم;"«فِي تَمْثِيلِ الشَّبَكَةِ الْعَرُوضِيَّةِ، تَدُلُّ الضَّرَبَاتُ عَلَى الْمَقَاطِعِ ذَاتِ النَّبْرِ الْقَوِيِّ؛ فَفِي كَلِمَةِ (Alabama) تَقَعُ الضَّرَبَاتُ عَلَى الْمَقْطَعَيْنِ الْأَوَّلِ وَالثَّالِثِ لِتَعْكِسَ بُرُوزَهُمَا.»";Crystal (2008)Crystal, D. (2008). A dictionary of linguistics and phonetics (6th ed.). Blackwell Publishing. ;51;Crystal, D. (2008). A dictionary of linguistics and phonetics (6th ed.). Blackwell Publishing. ;51;الفونولوجيا العروضية;;;;;;;;;;;;;;;
ازْدِوَاجِيَّةُ اللَّهْجَةِ;bidialectalism;كَفَاءَةُ الْمُتَحَدِّثِ أَوْ الْمُجْتَمَعِ فِي التَّنَقُّلِ الصَّوْتِيِّ وَالنَّحْوِيِّ بَيْنَ لَهْجَتَيْنِ لِلُغَةٍ وَاحِدَةٍ.;زوج;اسم;«الْمُتَحَدِّثُ الَّذِي يَسْتَخْدِمُ لَهْجَةً إِقْلِيمِيَّةً عِنْدَ الْحَدِيثِ فِي الْمَنْزِلِ وَلَهْجَةً مِعْيَارِيَّةً فِي الْعَمَلِ هُوَ شَخْصٌ يُمَارِسُ ازْدِوَاجِيَّةَ اللَّهْجَةِ.»;Crystal (2008)Crystal, D. (2008). A dictionary of linguistics and phonetics (6th ed.). Blackwell Publishing. ;52;Crystal, D. (2008). A dictionary of linguistics and phonetics (6th ed.). Blackwell Publishing. ;52;علم اللغة الاجتماعي;;;;;;;;;;;;;;;
شَفَتَانِيٌّ;bilabial;"صَوْتٌ صَامِتٌ مَخْرَجُهُ الشَّفَتَانِ مَعًا؛ حَيْثُ يُعَاقُ مَجْرَى الْهَوَاءِ بِالْتِقَائِهِمَا.";شفت;صفة;«تُصَنَّفُ الصَّوَامِتُ كَأَصْوَاتٍ شَفَتَانِيَّةٍ (bilabial) عِنْدَمَا يُلَامِسُ الْمُتَحَدِّثُ الشَّفَتَيْنِ الْعُلْيَا وَالسُّفْلَى لِإِعَاقَةِ الْهَوَاءِ، كَمَا هُوَ وَاضِحٌ فِي نُطْقِ كَلِمَاتٍ مِثْلَ (pin) وَ(bin) وَ(mat).»;Crystal (2008)Crystal, D. (2008). A dictionary of linguistics and phonetics (6th ed.). Blackwell Publishing. ;52;Crystal, D. (2008). A dictionary of linguistics and phonetics (6th ed.). Blackwell Publishing. ;53;علم الأصوات النطقي;;;;;;;;;;;;;;;
تَقَابُلٌ جَانِبِيٌّ مُزْدَوِجٌ;bilateral;تَقَابُلٌ فُونُولُوجِيٌّ يَكُونُ فِيهِ الْعُنْصُرَانِ هُمَا الْوَحِيدَانِ اللَّذَانِ يَتَشَارَكَانِ سِمَاتِ الْمَخْرَجِ مَعَ اخْتِلَافٍ وَاحِدٍ فَقَطْ.;جنب;اسم;«فِي نِظَامِ بَرَاغ الصَّوْتِيِّ، يُعَدُّ التَّقَابُلُ بَيْنَ الصَّوْتَيْنِ /t/ وَ /d/ تَقَابُلًا مُزْدَوِجًا لِأَنَّهُمَا الْوَحِيدَانِ اللَّذَانِ يَشْتَرِكَانِ فِي صِفَةِ الِانْفِجَارِيِّ اللِّثَوِيِّ، وَيَخْتَلِفَانِ فِي الْجَهْرِ فَقَطْ.»;Crystal (2008)Crystal, D. (2008). A dictionary of linguistics and phonetics (6th ed.). Blackwell Publishing. ;53;Crystal, D. (2008). A dictionary of linguistics and phonetics (6th ed.). Blackwell Publishing. ;53;الفونولوجيا;;;;;;;;;;;;;;;
ثُنَائِيُّ الزَّمَانِ الْمَقْطَعِيِّ;bimoraic;مَقْطَعٌ يَرْتَبِطُ بِوَحْدَتَيْ زَمَانٍ مُقَدَّرَتَيْنِ (مُورَا)، وَهُوَ سِمَةٌ تُمَيِّزُ الْمَقْطَعَ الْعَرُوضِيَّ الثَّقِيلَ.;(فارغ);صفة;«يُشِيرُ مُصْطَلَحُ (bimoraic) إِلَى الْمَقْطَعِ الَّذِي يَحْتَوِي عَلَى صَائِتٍ طَوِيلٍ مِثْلَ [maː]، حَيْثُ يَرْتَبِطُ بِوَحْدَتَيْ مُورَا، مِمَّا يَجْعَلُهُ مَقْطَعًا ثَقِيلًا يُؤَثِّرُ فِي مَوْقِعِ النَّبْرِ.»;Crystal (2008)Crystal, D. (2008). A dictionary of linguistics and phonetics (6th ed.). Blackwell Publishing. ;53;Crystal, D. (2008). A dictionary of linguistics and phonetics (6th ed.). Blackwell Publishing. ;54;الفونولوجيا العروضية;;;;;;;;;;;;;;;
سِمَةٌ ثُنَائِيَّةُ الْقِيمَةِ;binary feature;خَاصِّيَّةٌ صَوْتِيَّةٌ تُمَيِّزُ الْأَصْوَاتَ بِنَاءً عَلَى احْتِمَالَيْنِ مُتَقَابِلَيْنِ فَقَطْ (مَوْجُودٌ [+] أَوْ غَائِبٌ [-]).;سمم;اسم;"«تُسْتَخْدَمُ السِّمَةُ الثُّنَائِيَّةُ لِتَصْنِيفِ الْأَصْوَاتِ؛ فَمَثَلًا يُعَبَّرُ عَنِ اهْتِزَازِ الْأَوْتَارِ الصَّوْتِيَّةِ بِالرَّمْزَيْنِ الْمُتَقَابِلَيْنِ [+مجهور] لِلصَّوْتِ /b/، وَ [–مجهور] لِلصَّوْتِ الْمَهْمُوسِ /p/.»";Crystal (2008)Crystal, D. (2008). A dictionary of linguistics and phonetics (6th ed.). Blackwell Publishing. ;54;Crystal, D. (2008). A dictionary of linguistics and phonetics (6th ed.). Blackwell Publishing. ;54;الفونولوجيا التوليدية;;;;;;;;;;;;;;;
لِسَانِيَّاتٌ حَيَوِيَّةٌ;biolinguistics;فَرْعٌ لِسَانِيٌّ يَدْرُسُ الْأَسَاسَ الْبَيُولُوجِيَّ وَالْجِينِيَّ لِتَطَوُّرِ النُّطْقِ وَمَلَكَةِ اللُّغَةِ.;حيو;اسم;«تَبْحَثُ اللِّسَانِيَّاتُ الْحَيَوِيَّةُ فِي دَوْرِ التَّرْكِيبِ الْجِينِيِّ مِثْلَ جِينِ (FOXP2) فِي تَحْدِيدِ الْقُدْرَةِ النُّطْقِيَّةِ وَالتَّوَاصُلِيَّةِ عِنْدَ الْبَشَرِ.»;Crystal (2008)Crystal, D. (2008). A dictionary of linguistics and phonetics (6th ed.). Blackwell Publishing. ;55;Crystal, D. (2008). A dictionary of linguistics and phonetics (6th ed.). Blackwell Publishing. ;55;اللسانيات الحيوية;;;;;;;;;;;;;;;
ثُنَائِيَّةُ الْمَوْضِعِ;bipositionality;تَمْثِيلٌ فُونُولُوجِيٌّ يَحْتَلُّ فِيهِ الصَّوْتُ الطَّوِيلُ مَوْضِعَيْنِ زَمَنِيَّيْنِ عَلَى طَبَقَةِ الْبِنْيَةِ الْمَقْطَعِيَّةِ.;وضع;اسم;«فِي الْفُونُولُوجِيَا غَيْرِ الْخَطِّيَّةِ، يُعَبَّرُ عَنِ (ثُنَائِيَّةِ الْمَوْضِعِ) عِنْدَمَا يَشْغَلُ الصَّائِتُ الطَّوِيلُ مَوْضِعَيْنِ (V–V) عَلَى الشَّبَكَةِ الْمَقْطَعِيَّةِ تَعْبِيرًا عَنْ وَزْنِهِ الْمُزْدَوِجِ.»;Crystal (2008)Crystal, D. (2008). A dictionary of linguistics and phonetics (6th ed.). Blackwell Publishing. ;55;Crystal, D. (2008). A dictionary of linguistics and phonetics (6th ed.). Blackwell Publishing. ;55;الفونولوجيا غير الخطية;;;;;;;;;;;;;;;
تَقَابُلٌ أُحَادِيٌّ صَارِمٌ;biuniqueness;"مَبْدَأٌ يَنْتَفِي فِيهِ الْغُمُوضُ؛ حَيْثُ يُطَابِقُ كُلُّ تَسَلْسُلٍ صَوْتِيٍّ مَسْمُوعٍ تَسَلْسُلًا فُونِيمِيًّا وَاحِدًا بِالضَّبْطِ.";قبل;اسم;«يَفْتَرِضُ مَبْدَأُ التَّفَرُّدِ الْمُزْدَوِجِ (biuniqueness) وُجُودَ رَابِطٍ صَارِمٍ بَيْنَ الْفُونِيمِ وَالصَّوْتِ الْمَنْطُوقِ، بِحَيْثُ يُسْنَدُ كُلُّ صَوْتٍ فِعْلِيٍّ فِي الْكَلَامِ إِلَى فُونِيمٍ مُجَرَّدٍ وَاحِدٍ فَقَطْ دُونَ احْتِمَالَاتٍ.»;Crystal (2008)Crystal, D. (2008). A dictionary of linguistics and phonetics (6th ed.). Blackwell Publishing. ;56;Crystal, D. (2008). A dictionary of linguistics and phonetics (6th ed.). Blackwell Publishing. ;56;الفونولوجيا البنيوية;;;;;;;;;;;;;;;
نَصْلُ اللِّسَانِ;blade;الْجُزْءُ الْمَرِنُ مِنَ اللِّسَانِ خَلْفَ الطَّرَفِ، وَهُوَ عُضْوٌ نُطْقِيٌّ رَئِيسِيٌّ فِي الْأَصْوَاتِ اللِّثَوِيَّةِ.;نصل;اسم;«يُسْتَخْدَمُ (نَصْلُ اللِّسَانِ) بِشَكْلٍ نَشِطٍ فِي إِنْتَاجِ الْأَصْوَاتِ النَّصْلِيَّةِ، حَيْثُ يُلَامِسُ ظَهْرَ الْأَسْنَانِ الْعُلْيَا كَمَا هُوَ الْحَالُ فِي نُطْقِ الصَّوْتِ الِاحْتِكَاكِيِّ [θ].»;Crystal (2008)Crystal, D. (2008). A dictionary of linguistics and phonetics (6th ed.). Blackwell Publishing. ;56;Crystal, D. (2008). A dictionary of linguistics and phonetics (6th ed.). Blackwell Publishing. ;56;علم الأصوات النطقي;;;;;;;;;;;;;;;
اسْتِنْزَافٌ صَوْتِيٌّ;bleeding;حَالَةٌ فِي تَرْتِيبِ الْقَوَاعِدِ الصَّوْتِيَّةِ تَقُومُ فِيهَا قَاعِدَةٌ سَابِقَةٌ بِمَحْوِ السِّيَاقِ الصَّوْتِيِّ لِقَاعِدَةٍ لَاحِقَةٍ.;نزف;اسم;«فِي تَرْتِيبِ الْقَوَاعِدِ الصَّوْتِيَّةِ، إِذَا حَذَفَتْ قَاعِدَةٌ أُولَى الصَّوْتَ الْأَنْفِيَّ، فَإِنَّ قَاعِدَةَ الْغَنَّةِ الَّتِي تَشْتَرِطُ وُجُودَ هَذَا الْأَنْفِيِّ سَتُسْتَنْزَفُ تِلْقَائِيًّا وَلَنْ تُطَبَّقَ.»;Crystal (2008)Crystal, D. (2008). A dictionary of linguistics and phonetics (6th ed.). Blackwell Publishing. ;56;Crystal, D. (2008). A dictionary of linguistics and phonetics (6th ed.). Blackwell Publishing. ;56;الفونولوجيا التوليدية;;;;;;;;;;;;;;;
نَحْتٌ صَوْتِيٌّ;blending;بِنَاءُ كَلِمَةٍ جَدِيدَةٍ عَبْرَ صَهْرِ مُقَاطِعَ صَوْتِيَّةٍ مِنْ كَلِمَتَيْنِ مُسْتَقِلَّتَيْنِ مَعَ حَذْفِ أَجْزَاءٍ مِنْهُمَا.;نحت;اسم;«النَّحْتُ الصَّوْتِيُّ أَوِ الْمَزْجُ هُوَ دَمْجُ جُزْأَيْنِ مِنْ كَلِمَتَيْنِ، كَمَا يَظْهَرُ جَلِيًّا فِي دَمْجِ صَوَائِتِ وَصَوَامِتِ (breakfast) وَ (lunch) لِإِنْتَاجِ كَلِمَةِ (brunch).»;Crystal (2008)Crystal, D. (2008). A dictionary of linguistics and phonetics (6th ed.). Blackwell Publishing. ;57;Crystal, D. (2008). A dictionary of linguistics and phonetics (6th ed.). Blackwell Publishing. ;57;علم الصرف;;;;;;;;;;;;;;;
اسْتِنْهَاضٌ تَرْكِيبِيٌّ;bootstrapping;مِيكَانِيزْمٌ يَسْتَخْدِمُهُ الطِّفْلُ لِبِنَاءِ مَعْرِفَتِهِ اللُّغَوِيَّةِ اسْتِنَادًا إِلَى إِشَارَاتٍ دَلَالِيَّةٍ أَوْ صَوْتِيَّةٍ أَبْسَطَ.;نهض;اسم;«فِي دِرَاسَاتِ اكْتِسَابِ اللُّغَةِ، يُوَظِّفُ الطِّفْلُ آلِيَّةَ الِاسْتِنْهَاضِ (bootstrapping) بِمَعْرِفَتِهِ أَنَّ فِعْلَ (يُعْطِي) يَقْتَضِي مُعْطِيًا وَمُتَلَقِّيًا لِيَسْتَنْبِطَ الْبِنْيَةَ النَّحْوِيَّةَ الْمُعَقَّدَةَ لِلْجُمْلَةِ.»;Crystal (2008)Crystal, D. (2008). A dictionary of linguistics and phonetics (6th ed.). Blackwell Publishing. ;58;Crystal, D. (2008). A dictionary of linguistics and phonetics (6th ed.). Blackwell Publishing. ;58;الصوتيات النمائية (اكتساب اللغة);;;;;;;;;;;;;;;
تَحْلِيلٌ تَصَاعُدِيٌّ;bottom-up;مَنْهَجِيَّةُ مُعَالَجَةٍ لُغَوِيَّةٍ تَبْدَأُ بِالتَّعَرُّفِ عَلَى الْأَصْوَاتِ الصُّغْرَى لِبِنَاءِ الْهَيْكَلِ التَّرْكِيبِيِّ لِلْجُمْلَةِ.;صعد;صفة;«فِي مُعَالَجَةِ الْكَلَامِ، يَبْدَأُ الْمُحَلِّلُ التَّصَاعُدِيِّ (bottom-up parser) بِالتَّعَرُّفِ عَلَى الْأَصْوَاتِ وَالْكَلِمَاتِ، ثُمَّ يَدْمُجُهَا تَدْرِيجِيًّا لِبِنَاءِ الْعِبَارَاتِ وَالْجُمَلِ وُصُولًا لِلْمَعْنَى الْكُلِّيِّ.»;Crystal (2008)Crystal, D. (2008). A dictionary of linguistics and phonetics (6th ed.). Blackwell Publishing. ;58;Crystal, D. (2008). A dictionary of linguistics and phonetics (6th ed.). Blackwell Publishing. ;58;الصوتيات الحاسوبية;;;;;;;;;;;;;;;
حَدِّيَّةٌ عَرُوضِيَّةٌ;boundedness;مِعْيَارٌ فُونُولُوجِيٌّ يَقْصُرُ التَّفْعِيلَةَ عَلَى عَدَدٍ مَحْدُودٍ مِنَ الْمَقَاطِعِ لِتَقْيِيدِ مَسَافَةِ النَّبْرِ.;حدد;اسم;«يُشِيرُ مِعْيَارُ الْحَدِّيَّةِ فِي الْفُونُولُوجِيَا الْعَرُوضِيَّةِ إِلَى أَنَّ النَّبْرَةَ الرَّئِيسِيَّةَ يَجِبُ أَنْ تَقَعَ ضِمْنَ نَافِذَةٍ حَدِّيَّةٍ مُحَدَّدَةٍ مِنْ طَرَفِ الْكَلِمَةِ بِحَيْثُ لَا تَحْتَوِي التَّفْعِيلَةُ عَلَى أَكْثَرَ مِنْ مَقْطَعَيْنِ.»;Crystal (2008)Crystal, D. (2008). A dictionary of linguistics and phonetics (6th ed.). Blackwell Publishing. ;59;Crystal, D. (2008). A dictionary of linguistics and phonetics (6th ed.). Blackwell Publishing. ;59;الفونولوجيا العروضية (النبر);;;;;;;;;;;;;;;
حَصْرٌ بِالْأَقْوَاسِ;bracketing;تِقْنِيَّةٌ تُبَيِّنُ التَّرَاتُبِيَّةَ الْهَرَمِيَّةَ لِلتَّرَاكِيبِ بِحَصْرِ كُلِّ مُكَوِّنٍ دَاخِلَ أَقْوَاسٍ مُوسَمَةٍ.;حصر;اسم;"«يُسْتَخْدَمُ الْحَصْرُ بِالْأَقْوَاسِ لِفَكِّ الْغُمُوضِ الْبِنْيَوِيِّ؛ فَجُمْلَةُ (Visiting speakers...) تَحْتَمِلُ حَصْرَيْنِ هَيْكَلِيَّيْنِ: [[Visiting] speakers] أَوْ [Visiting [speakers]].»";Crystal (2008)Crystal, D. (2008). A dictionary of linguistics and phonetics (6th ed.). Blackwell Publishing. ;60;Crystal, D. (2008). A dictionary of linguistics and phonetics (6th ed.). Blackwell Publishing. ;60;النحو التوليدي;;;;;;;;;;;;;;;
تَفَرُّعٌ شَجَرِيٌّ;branching;الرَّوَابِطُ الْخُطُوطِيَّةُ النَّازِلَةُ فِي رَسْمِ الشَّجَرَةِ الْمَقْطَعِيَّةِ أَوْ التَّرْكِيبِيَّةِ.;فرع;اسم;«فِي الْبِنْيَةِ التَّرْكِيبِيَّةِ أَوِ الْمَقْطَعِيَّةِ، تَتَفَرَّعُ الْعُقْدَةُ الْعُلْيَا (كالْجُمْلَةِ) إِلَى فُرُوعٍ أَدْنَى (كَمُرَكَّبٍ اسْمِيٍّ وَمُرَكَّبٍ فِعْلِيٍّ) بِنَاءً عَلَى قَوَاعِدِ التَّفَرُّعِ الثُّنَائِيِّ.»;Crystal (2008)Crystal, D. (2008). A dictionary of linguistics and phonetics (6th ed.). Blackwell Publishing. ;61;Crystal, D. (2008). A dictionary of linguistics and phonetics (6th ed.). Blackwell Publishing. ;61;النحو / الفونولوجيا;;;;;;;;;;;;;;;
زُمْرَةٌ نَفَسِيَّةٌ;breath group;سِلْسِلَةٌ مِنَ الْكَلَامِ الْمُنْتَجِ بِزَفِيرٍ وَاحِدٍ مُسْتَمِرٍّ يَنْتَهِي بِوَقْفَةٍ لِأَخْذِ النَّفَسِ وَتَحْدِيدِ التَّنْغِيمِ.;زمر;اسم;«تُعَرَّفُ الزُّمْرَةُ النَفَسِيَّةُ بِأَنَّهَا الْكَلَامُ الْمَنْطُوقُ خِلَالَ زَفِيرٍ وَاحِدٍ، مِمَّا يُحَدِّدُ حُدُودَ التَّنْغِيمِ وَالْوَقَفَاتِ كَمَا فِي نُطْقِ (The cat sat on the mat) دَفْعَةً وَاحِدَةً.»;Crystal (2008)Crystal, D. (2008). A dictionary of linguistics and phonetics (6th ed.). Blackwell Publishing. ;62;Crystal, D. (2008). A dictionary of linguistics and phonetics (6th ed.). Blackwell Publishing. ;62;علم الأصوات النطقي / العروض;;;;;;;;;;;;;;;
صَوْتٌ تَنَفُّسِيٌّ (مُهَمْهَمٌ);breathy;تَأْثِيرٌ نُطْقِيٌّ يَنْتُجُ عَنْ تَدَفُّقِ هَوَاءٍ كَثِيفٍ عَبْرَ مِزْمَارٍ مَفْتُوحٍ جُزْئِيًّا أَثْنَاءَ التَّصْوِيتِ.;نفس;صفة;«يُصْدَرُ الصَّوْتُ التَّنَفُّسِيُّ (breathy) كَسِمَةٍ مُمَيِّزَةٍ فِي لُغَاتٍ كَالْهِنْدِيَّةِ، حَيْثُ يَتَقَابَلُ الصَّوْتُ الِانْفِجَارِيُّ الْمُهَمْهَمُ [bʱ] مَعَ نَظِيرِهِ الْمَجْهُورِ الْعَادِيِّ [b].»;Crystal (2008)Crystal, D. (2008). A dictionary of linguistics and phonetics (6th ed.). Blackwell Publishing. ;62;Crystal, D. (2008). A dictionary of linguistics and phonetics (6th ed.). Blackwell Publishing. ;62;علم الأصوات النطقي;;;;;;;;;;;;;;;
شِدْقِيٌّ (بَاطِنُ الْخَدِّ);buccal;صَوْتٌ مَحْصُورٌ يُنْتَجُ عَبْرَ دَفْعِ الْهَوَاءِ دَاخِلَ التَّجْوِيفِ الشِّدْقِيِّ لِلْخَدِّ بَدَلًا مِنَ الرِّئَتَيْنِ.;شدق;صفة;«يُسْتَخْدَمُ مُصْطَلَحُ (شِدْقِيّ) لِوَصْفِ الْأَصْوَاتِ الْمُنْتَجَةِ دَاخِلَ الْخَدِّ، وَأَشْهَرُ مِثَالٍ صَوْتِيٍّ عَلَيْهَا هُوَ صَوْتُ (بَطُّوط) الَّذِي يُنْتَجُ عَبْرَ حَبْسِ الْهَوَاءِ فِي الْخَدِّ وَعَصْرِهِ بَعِيدًا عَنِ الْحَنْجَرَةِ.»;Crystal (2008)Crystal, D. (2008). A dictionary of linguistics and phonetics (6th ed.). Blackwell Publishing. ;62;Crystal, D. (2008). A dictionary of linguistics and phonetics (6th ed.). Blackwell Publishing. ;62;علم الأصوات النطقي;;;;;;;;;;;;;;;
تَكْوِيمُ اللِّسَانِ;bunching;وَضْعِيَّةٌ نُطْقِيَّةٌ يَرْتَفِعُ فِيهَا جِسْمُ اللِّسَانِ كَكُتْلَةٍ وَاحِدَةٍ مَشْدُودَةٍ نَحْوَ سَقْفِ الْحَنَكِ.;كوم;اسم;«يُشِيرُ التَّكْوِيمُ (bunching) فِي الصَّوْتِيَّاتِ إِلَى وَضْعِيَّةِ ارْتِفَاعِ اللِّسَانِ كَكُتْلَةٍ مَشْدُودَةٍ، كَمَا يَحْدُثُ أَثْنَاءَ نُطْقِ الصَّوَائِتِ الْمُغْلَقَةِ مِثْلَ [i] وَ [u] أَوِ الِاحْتِكَاكِيَّاتِ كَـ [ʃ].»;Crystal (2008)Crystal, D. (2008). A dictionary of linguistics and phonetics (6th ed.). Blackwell Publishing. ;63;Crystal, D. (2008). A dictionary of linguistics and phonetics (6th ed.). Blackwell Publishing. ;63;علم الأصوات النطقي;;;;;;;;;;;;;;;
حُزْمَةُ سِمَاتٍ صَوْتِيَّةٍ;bundle;تَصَوُّرٌ فُونُولُوجِيٌّ يَرَى أَنَّ الْفُونِيمَ لَيْسَ عُنْصُرًا فَرْدِيًّا بَلْ حُزْمَةٌ مُتَزَامِنَةٌ مِنَ السِّمَاتِ التَّمْيِيزِيَّةِ.;حزم;اسم;«تَرَى مَدْرَسَةُ بَرَاغ أَنَّ الْفُونِيمَ /s/ لَيْسَ بَسِيطًا بَلْ هُوَ (حُزْمَةٌ) سِمَاتِيَّةٌ تَجْمَعُ اللِّثَوِيَّةَ وَالِاحْتِكَاكَ وَالْهَمْسَ فِي وَقْتٍ وَاحِدٍ لِتَمْيِيزِهِ عَنْ غَيْرِهِ مِنَ الْأَصْوَاتِ.»;Crystal (2008)Crystal, D. (2008). A dictionary of linguistics and phonetics (6th ed.). Blackwell Publishing. ;63;Crystal, D. (2008). A dictionary of linguistics and phonetics (6th ed.). Blackwell Publishing. ;63;الفونولوجيا (علم وظائف الأصوات);;;;;;;;;;;;;;;
انْفِجَارٌ صَوْتِيٌّ;burst;ذُرْوَةٌ قَصِيرَةٌ وَمُفَاجِئَةٌ لِلطَّاقَةِ الصَّوْتِيَّةِ تُصَاحِبُ لَحْظَةَ إِطْلَاقِ الْهَوَاءِ فِي الْأَصْوَاتِ الِانْفِجَارِيَّةِ.;فجر;اسم;«فِي الصَّوْتِيَّاتِ الْأَكُوسْتِيكِيَّةِ، يُمَثِّلُ (الِانْفِجَارُ الصَّوْتِيُّ) ذُرْوَةَ الطَّاقَةِ عِنْدَ إِطْلَاقِ الصَّامِتِ، حَيْثُ يُعَدُّ وُقُوعُ انْفِجَارِ [p] عِنْدَ تَرَدُّدٍ أَقَلَّ مِنْ [t] دَلِيلًا سَمْعِيًّا لِتَمْيِيزِ مَخْرَجِ الشَّفَتَيْنِ عَنِ اللِّثَةِ.»;Crystal (2008)Crystal, D. (2008). A dictionary of linguistics and phonetics (6th ed.). Blackwell Publishing. ;63;Crystal, D. (2008). A dictionary of linguistics and phonetics (6th ed.). Blackwell Publishing. ;63;علم الأصوات الأكوستيكي;;;;;;;;;;;;;;;
لَقَبٌ إِضَافِيٌّ;byname;اسْمٌ أَوْ لَقَبٌ صَوْتِيٌّ يُلْحَقُ بِالِاسْمِ الشَّخْصِيِّ لِأَغْرَاضِ التَّمْيِيزِ فِي عِلْمِ الْأَسْمَاءِ.;لقب;اسم;«يُسْتَخْدَمُ اللَّقَبُ الْإِضَافِيُّ لِتَمْيِيزِ الْأَشْخَاصِ صَوْتِيًّا وَكِتَابِيًّا، مِثْلَ اسْتِخْدَامِ (Penygroes) كَلَقَبٍ تَمْيِيزِيٍّ لِشَخْصٍ يَحْمِلُ نَفْسَ الِاسْمِ وَاللَّقَبِ لِشَخْصٍ آخَرَ (Brynsiencyn).»;Crystal (2008)Crystal, D. (2008). A dictionary of linguistics and phonetics (6th ed.). Blackwell Publishing. ;63;Crystal, D. (2008). A dictionary of linguistics and phonetics (6th ed.). Blackwell Publishing. ;63;علم الأسماء;;;;;;;;;;;;;;;
